{
  "features": [
    "total_purchases",
    "total_credit_amount",
    "total_paid_amount",
    "avg_days_to_pay",
    "max_days_overdue",
    "credit_utilization"
  ],
  "coef": [
    -0.24910387377162332,
    0.12676634672919637,
    -0.06994685263792029,
    -0.11179320707542584,
    1.1072457263862352,
    -0.8677882536530008
  ],
  "intercept": -0.6381119195248156,
  "scaler_mean": [
    100.5775,
    52685.685125,
    37089.624175,
    31.1975,
    43.6625,
    0.7029846253010945
  ],
  "scaler_scale": [
    55.17398837994223,
    28574.086138981995,
    22315.048243423345,
    17.02567160936684,
    25.56645446185294,
    0.16469472140463537
  ]
}